{
    "Logistic Regression": {
        "Test Accuracy": 0.74,
        "Precision": 0.5,
        "Recall": 0.07692307692307693,
        "F1-Score": 0.13333333333333333
    },
    "K-Nearest Neighbors (KNN)": {
        "Test Accuracy": 0.82,
        "Precision": 1.0,
        "Recall": 0.3076923076923077,
        "F1-Score": 0.47058823529411764
    },
    "Support Vector Machine (SVM)": {
        "Test Accuracy": 0.78,
        "Precision": 1.0,
        "Recall": 0.15384615384615385,
        "F1-Score": 0.26666666666666666
    },
    "Naive Bayes": {
        "Test Accuracy": 0.82,
        "Precision": 1.0,
        "Recall": 0.3076923076923077,
        "F1-Score": 0.47058823529411764
    },
    "Decision Tree": {
        "Test Accuracy": 0.64,
        "Precision": 0.2222222222222222,
        "Recall": 0.15384615384615385,
        "F1-Score": 0.18181818181818182
    },
    "Random Forest": {
        "Test Accuracy": 0.64,
        "Precision": 0.3076923076923077,
        "Recall": 0.3076923076923077,
        "F1-Score": 0.3076923076923077
    }
}