{
    "Logistic Regression": {
        "Test Accuracy": 0.94,
        "Precision": 1.0,
        "Recall": 0.7692307692307693,
        "F1-Score": 0.8695652173913043
    },
    "K-Nearest Neighbors (KNN)": {
        "Test Accuracy": 0.92,
        "Precision": 1.0,
        "Recall": 0.6923076923076923,
        "F1-Score": 0.8181818181818182
    },
    "Support Vector Machine (SVM)": {
        "Test Accuracy": 0.96,
        "Precision": 1.0,
        "Recall": 0.8461538461538461,
        "F1-Score": 0.9166666666666666
    },
    "Naive Bayes": {
        "Test Accuracy": 0.92,
        "Precision": 1.0,
        "Recall": 0.6923076923076923,
        "F1-Score": 0.8181818181818182
    },
    "Decision Tree": {
        "Test Accuracy": 1.0,
        "Precision": 1.0,
        "Recall": 1.0,
        "F1-Score": 1.0
    },
    "Random Forest": {
        "Test Accuracy": 0.98,
        "Precision": 1.0,
        "Recall": 0.9230769230769231,
        "F1-Score": 0.96
    }
}